"id","fase","prioridad","area","tarea","tamano","depende_de","criterio_aceptacion"
"AUD-001","0","P0","Inventario","Unir inventario PR61 y main","S","-","Inventario reproducible con SHA y exclusiones"
"AUD-002","0","P0","Inventario","Crear parser AST para declaraciones PHP","L","AUD-001","Archivos símbolos y líneas sin falsas coincidencias obvias"
"AUD-003","0","P0","Inventario","Generar mapa de dependencias módulos y clases","L","AUD-002","Grafo exportado con posibles ciclos y referencias"
"AUD-004","0","P0","Inventario","Catalogar rutas REST AJAX admin-post y permisos","L","AUD-002","Método ruta handler autenticación y propietario"
"AUD-005","0","P0","Inventario","Catalogar CPT taxonomías meta opciones y shortcodes","L","AUD-002","Claves tipos consumidores y contratos documentados"
"AUD-006","0","P1","Inventario","Diferenciar legado usado y código huérfano","M","AUD-003","Informe con referencias y decisión por componente"
"AUD-007","0","P0","Datos","Mapear tablas e índices PostgreSQL y opciones WP","L","AUD-005","Diagrama y propietario verificados con esquema real"
"AUD-008","0","P0","Operaciones","Comprobar PHP CLI y PHP-FPM WordPress y módulos","S","-","Versiones y extensiones registradas"
"AUD-009","0","P1","Operaciones","Medir línea base de latencias errores y colas","M","AUD-008","Resultados replicables y datos anonimizados"
"AUD-010","0","P0","Pruebas","Crear smoke test de catálogo cartas y shortcodes","L","AUD-005","Casos deterministas sin reescritura de contenido"
"AUD-011","0","P0","Pruebas","Crear smoke test de consultas y envío transaccional","L","AUD-007","Flujos sin correos reales y con errores simulados"
"AUD-012","0","P0","Pruebas","Crear matriz de roles y permisos operativos","L","AUD-004","Casos permitidos y denegados para roles conocidos"
"PLT-001","1","P0","Plataforma","Decidir soporte PHP mínimo y plan de actualización","M","AUD-008","ADR aprobado con prueba de versiones"
"PLT-002","1","P1","Plataforma","Agregar Composer PSR4 progresivo","L","PLT-001","Autoload de nuevas clases con adaptadores antiguos"
"PLT-003","1","P1","Plataforma","Crear build reproducible ZIP dependencias runtime","L","PLT-002","Manifest SHA y mismo artefacto por commit"
"QLT-001","1","P1","Calidad","Configurar PHPCS WordPress Coding Standards","M","PLT-001","Reglas automáticas sin reformas masivas"
"QLT-002","1","P1","Calidad","Configurar PHPStan y stubs WordPress","L","PLT-002","Baseline auditable y tendencia de reducción"
"QLT-003","1","P1","Calidad","Detectar dependencias prohibidas y ciclos","M","AUD-003","CI marca nuevos ciclos prohibidos"
"QLT-004","1","P2","Calidad","Documentar convención de nombres y estructura","S","PLT-002","Guía nueva clase y provider de módulo"
"QLT-005","1","P2","Calidad","Introducir controles de complejidad y duplicados","M","QLT-001","Alertas con baseline y prioridades"
"TST-001","1","P0","Pruebas","Establecer matriz de pruebas por nivel y dominio","M","AUD-010","Unit integración contrato E2E separados"
"TST-002","1","P1","Pruebas","Crear fixtures reproducibles WP y PostgreSQL","L","TST-001","Datos sintéticos y teardown automáticos"
"TST-003","1","P1","Pruebas","Incorporar tests de integración WordPress","L","TST-002","CPT metadatos hooks y REST verificados"
"TST-004","1","P1","Pruebas","Medir cobertura de reglas críticas","M","TST-001","Reporte por dominio y casos sin prueba"
"CIC-001","1","P0","CI/CD","Consolidar PHP lint exhaustivo en workflows","M","PLT-001","Lista completa de archivos con fallas"
"CIC-002","1","P0","CI/CD","Separar jobs CI por tipo de verificación","M","TST-001","Fallos con causa identificable y resumen"
"CIC-003","1","P0","CI/CD","Proteger despliegue ante fallos CI","M","CIC-002","Main solo despliega commit validado"
"CIC-004","1","P1","CI/CD","Crear staging con servicios y datos sintéticos","L","OPS-001","Pruebas sin enviar mensajes reales"
"CIC-005","1","P1","CI/CD","Usar artefacto inmutable y verificación hashes","L","PLT-003","Mismo ZIP entre staging y producción"
"CIC-006","1","P0","CI/CD","Ensayar rollback y smoke postdeploy","L","CIC-004","Ensayo documentado con punto de recuperación"
"SEC-001","1","P0","Seguridad","Matriz permiso por ruta y acción","L","AUD-004","Todas las rutas críticas revisadas"
"SEC-002","1","P0","Seguridad","Revisar nonce capacidades firmas y rate limit","L","SEC-001","Pruebas de acceso permitido y denegado"
"SEC-003","1","P0","Seguridad","Auditar secretos y datos personales en logs","M","AUD-004","No hay credenciales ni PII en CI"
"OPS-001","1","P0","Operaciones","Verificar recuperación de backups aislada","L","AUD-007","Restauración de WP y PostgreSQL demostrada"
"ARC-001","2","P1","Arquitectura","Diseñar registro declarativo de módulos","L","AUD-003","Dependencias explícitas y ciclos detectados"
"ARC-002","2","P1","Arquitectura","Introducir contratos y wiring de servicios","L","ARC-001","Adaptadores probados y bootstrap pequeño"
"ARC-003","2","P1","Arquitectura","Definir errores tipados y logging contextual","M","ARC-002","Errores trazables sin fuga de PII"
"ARC-004","2","P0","Arquitectura","Garantizar compatibilidad con clases históricas","L","ARC-002","Consumers anteriores pasan test"
"PPL-001","2","P1","Personas","Separar perfiles de personas del listado admin","M","ARC-002","CPT y API idénticos"
"PPL-002","2","P1","Personas","Extraer repositorio y casos de uso People","L","PPL-001","CRUD y contratos cubiertos por tests"
"PPL-003","2","P1","Personas","Unificar relaciones con autoridades y equipos","L","PPL-002","Sin duplicados y asociaciones preservadas"
"PPL-004","2","P0","Personas","Probar capacidades de asistentes y administración","M","PPL-002","Accesos negativos y positivos pasan"
"UX-001","2","P1","UX","Extraer assets inline de lista Personas","M","PPL-001","CSS JS solo en edit-docente y responsive"
"UX-002","2","P1","UX","Crear componentes comunes de administración","L","PPL-001","Búsqueda filtros acciones estados reutilizables"
"UX-003","2","P1","UX","Auditar accesibilidad del piloto People","M","UX-002","Teclado etiquetas contraste y 320px verificados"
"INQ-001","3","P0","Consultas","Separar capa de recepción y validación","L","ARC-002","Entrada validada y errores consistentes"
"INQ-002","3","P0","Consultas","Formalizar repositorios PostgreSQL y contratos","L","INQ-001","Tests con DB y dobles"
"INQ-003","3","P1","Consultas","Extraer snapshot contexto DTO y políticas","L","INQ-002","Snapshots y tokens estables"
"INQ-004","3","P1","Consultas","Separar consultas de lectura y reportes","L","INQ-002","Mismas estadísticas con menos acoplamiento"
"INQ-005","3","P1","Consultas","Dividir panel administrativo de 92KB","L","INQ-004","Rutas funciones y permisos inalterados"
"COM-001","3","P0","Comunicaciones","Definir contratos transaccional versus marketing","L","INQ-003","Consentimiento no implícito"
"COM-002","3","P0","Comunicaciones","Implementar idempotencia de entrega","XL","COM-001","Reintentos concurrentes no duplican correo"
"COM-003","3","P0","Comunicaciones","Normalizar estados intentos y errores de cola","L","COM-002","Estados auditables y recuperables"
"COM-004","3","P1","Comunicaciones","Aislar adaptador Mautic e interfaces","L","COM-001","Mocks y fallos reproducibles"
"COM-005","3","P1","Comunicaciones","Ensayar timeouts caídas y reintentos","L","COM-003","Sin pérdida ni duplicación en simulaciones"
"COM-006","3","P1","Comunicaciones","Diseñar reproceso seguro y alertas","L","COM-003","Runbook y límite de reintentos"
"INT-001","3","P1","Integraciones","Aislar webhook Meta y contrato firmado","L","SEC-002","Firma validada y duplicados ignorados"
"INT-002","3","P2","Integraciones","Separar Telegram y notificaciones operativas","M","ARC-003","Canales reemplazables y testables"
"INT-003","3","P2","Integraciones","Auditar Mailjet legado y consumidores","M","AUD-006","Mapa de uso previo a retiro"
"PRF-001","3","P1","Rendimiento","Medir queries del panel Consultas","M","AUD-009","Baseline SQL por ruta"
"PRF-002","3","P1","Rendimiento","Eliminar N+1 comprobados en consultas","L","PRF-001","Mejora medida y tests sin regresión"
"ACA-001","4","P0","Académico","Fijar contratos Programa Oferta Cohorte","L","AUD-005","Metadatos y relaciones documentados"
"ACA-002","4","P1","Académico","Extraer dominio y casos de uso Ofertas","XL","ACA-001","Editor y REST equivalentes"
"ACA-003","4","P1","Académico","Extraer dominio y casos de uso Cohortes","L","ACA-002","Fechas y estados equivalentes"
"ACA-004","4","P0","Académico","Fijar contratos Seminario y Edición","L","AUD-005","Metadatos derivados y relaciones probados"
"ACA-005","4","P1","Académico","Separar servicios de Seminarios y Ediciones","XL","ACA-004","Editor público y calendario equivalentes"
"ACA-006","4","P1","Académico","Separar equipos contactos y documentos","L","ACA-002","Carta y asociaciones idénticas"
"ACA-007","4","P0","Académico","Automatizar regresión de carta y URLs","L","ACA-006","HTML crítico enlaces y rutas conservados"
"PRI-001","4","P1","Aranceles","Definir modelo de precios y vigencias","L","ACA-001","Arancel vigente e histórico verificables"
"PRI-002","4","P1","Aranceles","Separar convenio de tabla de precios","M","PRI-001","Reglas sin duplicidad semántica"
"PRI-003","4","P0","Aranceles","Probar descuentos y visualización histórica","L","PRI-002","Montos y condiciones equivalentes"
"ENR-001","4","P1","Preinscripciones","Versionar DTO y endpoint del catálogo","M","ACA-001","API conserva consumidores"
"ENR-002","4","P1","Preinscripciones","Documentar caché e invalidación","M","ENR-001","Sin datos obsoletos tras edición"
"ENR-003","4","P0","Preinscripciones","Probar disponibilidad y links correctos","L","ENR-002","Estado por cohorte y edición validado"
"EVT-001","5","P1","Eventos","Unificar dominio Eventos y Charlas","L","ARC-002","Sin romper URLs ni tipos existentes"
"EVT-002","5","P0","Eventos","Asegurar endpoint y registro de inscripciones","L","SEC-002","Prueba de abuso y persistencia coherente"
"EVT-003","5","P1","Eventos","Compatibilidad de REST charlas-v1","M","EVT-001","Rutas legacy responden igual"
"CNT-001","5","P1","Contenido","Separar servicios y vistas de portada","L","ARC-002","Contenidos y estructura equivalentes"
"CNT-002","5","P1","Contenido","Organizar componentes Gutenberg y assets","L","CNT-001","Bloques antiguos funcionales"
"CNT-003","5","P0","Contenido","Inventariar consumidores reales shortcodes","L","AUD-005","Matriz de páginas consumidoras"
"CNT-004","5","P1","Contenido","Descomponer init gigante shortcodes","XL","CNT-003","Etiquetas y render anteriores preservados"
"CNT-005","5","P2","Contenido","Desactivar compatibilidad posgrados sin usuarios","L","AUD-006","Desuso medido y rollback disponible"
"CNT-006","5","P1","Contenido","Revisar campañas hero portada y cache","M","CNT-001","Reglas de prioridad probadas"
"UX-004","5","P1","UX","Auditar editor de ofertas y cohortes","M","ACA-002","Flujos mobiles claros y accesibles"
"UX-005","5","P1","UX","Auditar editor de seminarios y ediciones","M","ACA-005","Validación feedback y sin pérdida de datos"
"UX-006","5","P1","UX","Revisar frontend 320px teclado y lector","L","CNT-002","WCAG 2.2 AA crítico verificable"
"UX-007","5","P2","UX","Crear catálogo de componentes y tokens","L","UX-002","Guía compartida y estilos acotados"
"SEC-004","6","P0","Seguridad","Modelar amenazas e integraciones críticas","M","SEC-003","Riesgos clasificados y mitigación"
"SEC-005","6","P0","Seguridad","Auditar IDOR CSRF SSRF XSS SQL y CSV","XL","SEC-004","Casos explotables corregidos o mitigados"
"SEC-006","6","P0","Seguridad","Revisar ciclo de vida y retención de datos","L","SEC-004","Política aprobada y aplicada"
"SEC-007","6","P1","Seguridad","Validar autorizaciones por recurso end-to-end","L","SEC-005","Pruebas negativas en endpoints sensibles"
"PRF-003","6","P1","Rendimiento","Auditar caches e invalidación académica","L","AUD-009","Sin respuestas obsoletas por cambios"
"PRF-004","6","P1","Rendimiento","Optimizar frontend CSS JS y lazy load","L","PRF-003","Carga optimizada sin regresiones"
"PRF-005","6","P1","Rendimiento","Medir p95 de rutas y consultas","M","AUD-009","Panel con baseline y tendencias"
"PRF-006","6","P1","Rendimiento","Ejecutar carga representativa y resiliencia","L","PRF-005","Degradación documentada y mitigada"
"OBS-001","6","P1","Observabilidad","Introducir IDs de correlación y logs","L","ARC-003","Trazas sin datos personales"
"OBS-002","6","P0","Observabilidad","Instrumentar backlog cron errores y latencia","L","OBS-001","Métricas disponibles con umbrales"
"OBS-003","6","P0","Observabilidad","Alertas accionables para Mautic PostgreSQL","M","OBS-002","Incidentes simulados notifican"
"OBS-004","6","P1","Observabilidad","Dashboard técnico con fuente de estado","L","OBS-002","Salud de servicios revisable"
"OBS-005","6","P1","Observabilidad","Runbooks de falla recuperación y escalación","M","OPS-001","Ensayo de recuperación documentado"
"LEG-001","6","P1","Legado","Auditar referencias legacy según uso real","M","AUD-006","Eliminar sólo sin consumidores"
"LEG-002","6","P2","Legado","Diseñar calendario de deprecaciones","M","LEG-001","Alertas plazo rollback comunicados"
"LEG-003","6","P1","Legado","Eliminar implementaciones duplicadas seguras","L","LEG-002","Sin cambio de comportamiento en pruebas"
"LEG-004","6","P1","Legado","Desactivar código muerto tras revisión","L","LEG-003","No hay rutas activas rotas"
"REL-001","6","P1","Release","Consolidar políticas de versión y migración","M","CIC-005","Release reproducible y documentado"
"REL-002","6","P0","Release","Ensayar restore y rollback completo","L","REL-001","Simulación validada y auditada"
"REL-003","6","P1","Release","Cerrar documentación y guía de desarrollo","M","REL-002","Onboarding desde cero sin secretos"
